Unnamed: 0,Country,Total Cases,New Cases,Total Deaths,New Deaths,Total Rccovered,Active Cases,"Serious, Critical",Tot Cases/1M pop,Deaths/1M pop,Total Tests,Tests/1M pop,Population 2020,Yearly Change,Net Change,(P/Km²) Density,Land Area (Km²),Migrants (net),Fert. Rate,Med. Age,Urban Pop %,World Share
104.0,Afghanistan,61755.0,300.0,2683.0,10.0,54019.0,5053.0,1124.0,1557.0,68.0,417283.0,10520.0,38928346.0,0.02,886592.0,60.0,652860.0,-62920.0,4.60,18,0.25,0.005
83.0,Albania,131510.0,,2406.0,,114362.0,14742.0,18.0,45740.0,837.0,647277.0,225129.0,2877797.0,0.0,-3120.0,105.0,27400.0,-14000.0,1.60,36,0.63,0.0004
86.0,Algeria,123473.0,,3307.0,,86007.0,34159.0,28.0,2774.0,74.0,230861.0,5186.0,43851044.0,0.02,797990.0,18.0,2381740.0,-10000.0,3.10,29,0.73,0.0056
138.0,Andorra,13390.0,27.0,127.0,,12936.0,327.0,12.0,173064.0,1641.0,193595.0,2502197.0,77265.0,0.0,123.0,164.0,470.0,,N.A.,N.A.,0.88,0.0
121.0,Angola,27921.0,,622.0,,24503.0,2796.0,35.0,828.0,18.0,510234.0,15130.0,32866272.0,0.03,1040977.0,26.0,1246700.0,6413.0,5.60,17,0.67,0.0042
190.0,Antigua and Barbuda,1232.0,,32.0,,1014.0,186.0,1.0,12493.0,324.0,16700.0,169347.0,97929.0,0.01,811.0,223.0,440.0,0.0,2.00,34,0.26,0.0
11.0,Argentina,3095582.0,,66263.0,,2757230.0,272089.0,5299.0,67966.0,1455.0,11610358.0,254915.0,45195774.0,0.01,415097.0,17.0,2736690.0,4800.0,2.30,32,0.93,0.0058
70.0,Armenia,218681.0,356.0,4209.0,17.0,203307.0,11165.0,,73681.0,1418.0,1008307.0,339734.0,2963243.0,0.0,5512.0,104.0,28470.0,-4998.0,1.80,35,0.63,0.0004
120.0,Australia,29893.0,7.0,910.0,,28712.0,271.0,1.0,1161.0,35.0,17080821.0,663346.0,25499884.0,0.01,296686.0,3.0,7682300.0,158246.0,1.80,38,0.86,0.0033
37.0,Austria,628817.0,1333.0,10351.0,18.0,599854.0,18612.0,417.0,69484.0,1144.0,33990188.0,3755890.0,9006398.0,0.01,51296.0,109.0,82409.0,65000.0,1.50,43,0.57,0.0012
53.0,Azerbaijan,325407.0,722.0,4650.0,15.0,302860.0,17897.0,,31852.0,455.0,3311267.0,324115.0,10139177.0,0.01,91459.0,123.0,82658.0,1200.0,2.10,32,0.56,0.0013
152.0,Bahamas,10773.0,62.0,212.0,1.0,9781.0,780.0,5.0,27176.0,535.0,89754.0,226414.0,393244.0,0.01,3762.0,39.0,10010.0,1000.0,1.80,32,0.86,0.0001
77.0,Bahrain,184697.0,,670.0,,172006.0,12021.0,101.0,105479.0,383.0,4189757.0,2392728.0,1701575.0,0.04,60403.0,2239.0,760.0,47800.0,2.00,32,0.89,0.0002
33.0,Bangladesh,770842.0,1682.0,11833.0,37.0,704341.0,54668.0,1115.0,4642.0,71.0,5599276.0,33715.0,164689383.0,0.01,1643222.0,1265.0,130170.0,-369501.0,2.10,28,0.39,0.0211
172.0,Barbados,3929.0,,45.0,,3831.0,53.0,,13658.0,156.0,156736.0,544841.0,287375.0,0.0,350.0,668.0,430.0,-79.0,1.60,40,0.31,0.0
49.0,Belarus,366305.0,1354.0,2612.0,10.0,356842.0,6851.0,,38776.0,276.0,5958089.0,630706.0,9449323.0,0.0,-3088.0,47.0,202910.0,8730.0,1.70,40,0.79,0.0012
28.0,Belgium,1007264.0,3518.0,24444.0,38.0,878558.0,104262.0,757.0,86592.0,2101.0,12821364.0,1102223.0,11589623.0,0.0,50295.0,383.0,30280.0,48000.0,1.70,42,0.98,0.0015
143.0,Belize,12682.0,,323.0,,12273.0,86.0,1.0,31414.0,800.0,120377.0,298182.0,397628.0,0.02,7275.0,17.0,22810.0,1200.0,2.30,25,0.46,0.0001
156.0,Benin,7884.0,,100.0,,7652.0,132.0,35.0,636.0,8.0,595112.0,48033.0,12123200.0,0.03,322049.0,108.0,112760.0,-2000.0,4.90,19,0.48,0.0016
193.0,Bhutan,1190.0,29.0,1.0,,1037.0,152.0,,1528.0,1.0,721983.0,927073.0,771608.0,0.01,8516.0,20.0,38117.0,320.0,2.00,28,0.46,0.0001
56.0,Bolivia,314190.0,1783.0,13151.0,28.0,258068.0,42971.0,158.0,26610.0,1114.0,1226152.0,103847.0,11673021.0,0.01,159921.0,11.0,1083300.0,-9504.0,2.80,26,0.69,0.0015
75.0,Bosnia and Herzegovina,200693.0,340.0,8790.0,28.0,164717.0,27186.0,,61496.0,2693.0,922568.0,282692.0,3280819.0,-0.01,-20181.0,64.0,51000.0,-21585.0,1.30,43,0.52,0.0004
107.0,Botswana,48417.0,,734.0,,46226.0,1457.0,1.0,20245.0,307.0,1086267.0,454209.0,2351627.0,0.02,47930.0,4.0,566730.0,3000.0,2.90,24,0.73,0.0003
3.0,Brazil,15009023.0,,417176.0,,13591335.0,1000512.0,8318.0,70189.0,1951.0,46616516.0,218001.0,212559417.0,0.01,1509890.0,25.0,8358140.0,21200.0,1.70,33,0.88,0.0273
201.0,Brunei,229.0,1.0,3.0,,218.0,8.0,,519.0,7.0,121565.0,275648.0,437479.0,0.01,4194.0,83.0,5270.0,0.0,1.80,32,0.80,0.0001
44.0,Bulgaria,408372.0,,16800.0,,345489.0,46083.0,587.0,59150.0,2433.0,2562234.0,371120.0,6948445.0,-0.01,-51674.0,64.0,108560.0,-4800.0,1.60,45,0.76,0.0009
139.0,Burkina Faso,13353.0,,162.0,,13111.0,80.0,,624.0,8.0,181252.0,8476.0,20903273.0,0.03,581895.0,76.0,273600.0,-25000.0,5.20,18,0.31,0.0027
169.0,Burundi,4093.0,,6.0,,773.0,3314.0,,336.0,0.5,90019.0,7386.0,11890784.0,0.03,360204.0,463.0,25680.0,2001.0,5.50,17,0.14,0.0015
122.0,Cabo Verde,25526.0,,230.0,,22105.0,3191.0,23.0,45494.0,410.0,154030.0,274523.0,555987.0,0.01,6052.0,138.0,4030.0,-1342.0,2.30,28,0.68,0.0001
133.0,Cambodia,18179.0,558.0,114.0,,6884.0,11181.0,,1075.0,7.0,975806.0,57692.0,16718965.0,0.01,232423.0,95.0,176520.0,-30000.0,2.50,26,0.24,0.0021
99.0,Cameroon,74946.0,,1152.0,,70497.0,3297.0,385.0,2765.0,43.0,1257949.0,46418.0,26545863.0,0.03,669483.0,56.0,472710.0,-4800.0,4.60,19,0.56,0.0034
22.0,Canada,1265320.0,,24489.0,,1159506.0,81325.0,1456.0,33279.0,644.0,32266260.0,848630.0,37742154.0,0.01,331107.0,4.0,9093510.0,242032.0,1.50,41,0.81,0.0048
189.0,Caribbean Netherlands,1573.0,,16.0,,1540.0,17.0,,59518.0,605.0,10040.0,379886.0,26223.0,0.01,244.0,80.0,328.0,,N.A.,N.A.,0.75,0.0
159.0,Central African Republic,6674.0,,93.0,,5112.0,1469.0,2.0,1362.0,19.0,40907.0,8348.0,4829767.0,0.02,84582.0,8.0,622980.0,-40000.0,4.80,18,0.43,0.0006
166.0,Chad,4854.0,,170.0,,4612.0,72.0,,289.0,10.0,114926.0,6832.0,16425864.0,0.03,478988.0,13.0,1259200.0,2000.0,5.80,17,0.23,0.0021
171.0,Channel Islands,4056.0,,86.0,,3956.0,14.0,,23149.0,491.0,454413.0,2593445.0,173863.0,0.01,1604.0,915.0,190.0,1351.0,1.50,43,0.30,0.0
23.0,Chile,1235778.0,6530.0,27004.0,109.0,1170437.0,38337.0,3176.0,64180.0,1402.0,13432114.0,697599.0,19116201.0,0.01,164163.0,26.0,743532.0,111708.0,1.70,35,0.85,0.0025
96.0,China,90739.0,13.0,4636.0,,85795.0,308.0,3.0,63.0,3.0,160000000.0,111163.0,1439323776.0,0.0,5540090.0,153.0,9388211.0,-348399.0,1.70,38,0.61,0.1847
12.0,Colombia,2951101.0,,76414.0,,2773220.0,101467.0,6006.0,57481.0,1488.0,15201520.0,296092.0,50882891.0,0.01,543448.0,46.0,1109500.0,204796.0,1.80,31,0.80,0.0065
173.0,Comoros,3847.0,,146.0,,3681.0,20.0,,4346.0,165.0,,,869601.0,0.02,18715.0,467.0,1861.0,-2000.0,4.20,20,0.29,0.0001
61.0,Costa Rica,263094.0,,3341.0,,211043.0,48710.0,409.0,51251.0,651.0,1025064.0,199685.0,5094118.0,0.01,46557.0,100.0,51060.0,4200.0,1.80,33,0.80,0.0007
51.0,Croatia,342487.0,1435.0,7388.0,33.0,323834.0,11265.0,242.0,83865.0,1809.0,1863305.0,456268.0,4105267.0,-0.01,-25037.0,73.0,55960.0,-8001.0,1.40,44,0.58,0.0005
90.0,Cuba,113876.0,1162.0,713.0,12.0,107476.0,5687.0,115.0,10059.0,63.0,3787896.0,334597.0,11326616.0,0.0,-6867.0,106.0,106440.0,-14400.0,1.60,42,0.78,0.0015
102.0,Cyprus,68442.0,,328.0,,39061.0,29053.0,63.0,56341.0,270.0,5124872.0,4218752.0,1207359.0,0.01,8784.0,131.0,9240.0,5000.0,1.30,37,0.67,0.0002
119.0,Democratic Republic of the Congo,30240.0,39.0,772.0,2.0,26324.0,3144.0,,329.0,8.0,151894.0,1654.0,89561403.0,0.03,2770836.0,40.0,2267050.0,23861.0,6.00,17,0.46,0.0115
63.0,Denmark,257505.0,1023.0,2495.0,2.0,244364.0,10646.0,34.0,44325.0,429.0,41474152.0,7139078.0,5792202.0,0.0,20326.0,137.0,42430.0,15200.0,1.80,42,0.88,0.0007
149.0,Djibouti,11319.0,12.0,148.0,,11041.0,130.0,,11318.0,148.0,151665.0,151649.0,988000.0,0.01,14440.0,43.0,23180.0,900.0,2.80,27,0.79,0.0001
203.0,Dominica,174.0,,,,172.0,2.0,,2412.0,,14936.0,207050.0,71986.0,0.0,178.0,96.0,750.0,,N.A.,N.A.,0.74,0.0
60.0,Dominican Republic,269184.0,,3514.0,,230033.0,35637.0,215.0,24606.0,321.0,1423534.0,130125.0,10847910.0,0.01,108952.0,225.0,48320.0,-30000.0,2.40,28,0.85,0.0014
45.0,Ecuador,395327.0,,19018.0,,329582.0,46727.0,621.0,22124.0,1064.0,1322673.0,74021.0,17643054.0,0.02,269392.0,71.0,248360.0,36400.0,2.40,28,0.63,0.0023
68.0,Egypt,234015.0,,13714.0,,175117.0,45184.0,90.0,2251.0,132.0,2715258.0,26119.0,102334404.0,0.02,1946331.0,103.0,995450.0,-38033.0,3.30,25,0.43,0.0131
100.0,El Salvador,70255.0,126.0,2146.0,3.0,65778.0,2331.0,31.0,10785.0,329.0,934357.0,143441.0,6486205.0,0.01,32652.0,313.0,20720.0,-40539.0,2.10,28,0.73,0.0008
157.0,Equatorial Guinea,7694.0,,112.0,,7279.0,303.0,7.0,5337.0,78.0,123169.0,85441.0,1402985.0,0.03,46999.0,50.0,28050.0,16000.0,4.60,22,0.73,0.0002
175.0,Eritrea,3734.0,,12.0,,3602.0,120.0,,1041.0,3.0,23693.0,6604.0,3546421.0,0.01,49304.0,35.0,101000.0,-39858.0,4.10,19,0.63,0.0005
85.0,Estonia,124529.0,383.0,1193.0,6.0,115060.0,8276.0,50.0,93822.0,899.0,1318022.0,993017.0,1326535.0,0.0,887.0,31.0,42390.0,3911.0,1.60,42,0.68,0.0002
132.0,Eswatini,18473.0,,671.0,,17768.0,34.0,3.0,15785.0,573.0,190646.0,162903.0,1160164.0,0.01,12034.0,67.0,17200.0,-8353.0,3.00,21,0.30,0.0001
62.0,Ethiopia,260802.0,,3822.0,,205458.0,51522.0,748.0,2222.0,33.0,2604376.0,22192.0,114963588.0,0.03,2884858.0,115.0,1000000.0,30000.0,4.30,19,0.21,0.0147
205.0,Fiji,129.0,,3.0,,84.0,42.0,,143.0,3.0,60054.0,66584.0,896445.0,0.01,6492.0,49.0,18270.0,-6202.0,2.80,28,0.59,0.0001
97.0,Finland,88332.0,254.0,922.0,3.0,46000.0,41410.0,28.0,15921.0,166.0,4615178.0,831863.0,5540720.0,0.0,8564.0,18.0,303890.0,14000.0,1.50,43,0.86,0.0007
4.0,France,5728090.0,,105850.0,,4786754.0,835486.0,5231.0,87591.0,1619.0,77792623.0,1189567.0,65273511.0,0.0,143783.0,119.0,547557.0,36527.0,1.90,42,0.82,0.0084
124.0,Gabon,23201.0,,140.0,,19740.0,3321.0,22.0,10221.0,62.0,736002.0,324252.0,2225734.0,0.02,53155.0,9.0,257670.0,3260.0,4.00,23,0.87,0.0003
163.0,Gambia,5925.0,,175.0,,5547.0,203.0,3.0,2395.0,71.0,76379.0,30878.0,2416668.0,0.03,68962.0,239.0,10120.0,-3087.0,5.30,18,0.59,0.0003
54.0,Georgia,319266.0,1547.0,4245.0,18.0,298807.0,16214.0,,80164.0,1066.0,4316833.0,1083902.0,3989167.0,0.0,-7598.0,57.0,69490.0,-10000.0,2.10,38,0.58,0.0005
10.0,Germany,3493757.0,7295.0,84924.0,113.0,3128800.0,280033.0,5049.0,41587.0,1011.0,56836969.0,676545.0,83783942.0,0.0,266897.0,240.0,348560.0,543822.0,1.60,46,0.76,0.0107
94.0,Ghana,92856.0,28.0,783.0,,90480.0,1593.0,6.0,2937.0,25.0,1108763.0,35067.0,31072940.0,0.02,655084.0,137.0,227540.0,-10000.0,3.90,22,0.57,0.004
168.0,Gibraltar,4286.0,,94.0,,4188.0,4.0,1.0,127249.0,2791.0,235484.0,6991390.0,33691.0,0.0,-10.0,3369.0,10.0,,N.A.,N.A.,N.A.,0.0
50.0,Greece,358116.0,2671.0,10910.0,63.0,320966.0,26240.0,754.0,34501.0,1051.0,8386740.0,807980.0,10423054.0,0.0,-50401.0,81.0,128900.0,-16000.0,1.30,46,0.85,0.0013
204.0,Grenada,160.0,,1.0,,158.0,1.0,,1416.0,9.0,26331.0,233092.0,112523.0,0.0,520.0,331.0,340.0,-200.0,2.10,32,0.35,0.0
69.0,Guatemala,232439.0,,7677.0,,210369.0,14393.0,5.0,12775.0,422.0,1291245.0,70969.0,17915568.0,0.02,334096.0,167.0,107160.0,-9215.0,2.90,23,0.52,0.0023
126.0,Guinea,22505.0,,148.0,,20078.0,2279.0,24.0,1676.0,11.0,439345.0,32710.0,13132795.0,0.03,361549.0,53.0,245720.0,-4000.0,4.70,18,0.39,0.0017
174.0,Guinea-Bissau,3738.0,,67.0,,3373.0,298.0,9.0,1862.0,33.0,64038.0,31906.0,1968001.0,0.02,47079.0,70.0,28120.0,-1399.0,4.50,19,0.45,0.0003
137.0,Guyana,13957.0,,310.0,,11787.0,1860.0,16.0,17672.0,393.0,127708.0,161705.0,786552.0,0.0,3786.0,4.0,196850.0,-6000.0,2.50,27,0.27,0.0001
141.0,Haiti,13164.0,,263.0,,12154.0,747.0,,1143.0,23.0,60085.0,5216.0,11402528.0,0.01,139451.0,414.0,27560.0,-35000.0,3.00,24,0.57,0.0015
71.0,Honduras,217595.0,631.0,5502.0,63.0,80583.0,131510.0,561.0,21679.0,548.0,645503.0,64310.0,9904607.0,0.02,158490.0,89.0,111890.0,-6800.0,2.50,24,0.57,0.0013
146.0,Hong Kong,11802.0,3.0,210.0,,11473.0,119.0,3.0,1564.0,28.0,13412611.0,1776893.0,7496981.0,0.01,60827.0,7140.0,1050.0,29308.0,1.30,45,N.A.,0.001
32.0,Hungary,789188.0,1541.0,28403.0,106.0,553836.0,206949.0,445.0,81870.0,2947.0,5494198.0,569963.0,9660351.0,0.0,-24328.0,107.0,90530.0,6000.0,1.50,43,0.72,0.0012
160.0,Iceland,6506.0,6.0,29.0,,6347.0,130.0,5.0,18962.0,85.0,613017.0,1786628.0,341243.0,0.01,2212.0,3.0,100250.0,380.0,1.80,37,0.94,0.0
2.0,India,21640667.0,155382.0,235189.0,1118.0,17719749.0,3685729.0,8944.0,15553.0,169.0,298601699.0,214596.0,1380004385.0,0.01,13586631.0,464.0,2973190.0,-532687.0,2.20,28,0.35,0.177
18.0,Indonesia,1703632.0,6327.0,46663.0,167.0,1558423.0,98546.0,,6173.0,169.0,15099282.0,54715.0,273523615.0,0.01,2898047.0,151.0,1811570.0,-98955.0,2.30,30,0.56,0.0351
14.0,Iran,2627094.0,17076.0,74241.0,335.0,2074089.0,478764.0,5534.0,30944.0,874.0,16789338.0,197755.0,83992949.0,0.01,1079043.0,52.0,1628550.0,-55000.0,2.20,32,0.76,0.0108
24.0,Iraq,1103950.0,5763.0,15702.0,29.0,992423.0,95825.0,533.0,26938.0,383.0,9606567.0,234416.0,40222493.0,0.02,912710.0,93.0,434320.0,7834.0,3.70,21,0.73,0.0052
66.0,Ireland,251904.0,430.0,4921.0,,234404.0,12579.0,34.0,50539.0,987.0,4599866.0,922867.0,4937786.0,0.01,55291.0,72.0,68890.0,23604.0,1.80,38,0.63,0.0006
188.0,Isle of Man,1590.0,,29.0,,1549.0,12.0,1.0,18615.0,340.0,44761.0,524054.0,85033.0,0.01,449.0,149.0,570.0,,N.A.,N.A.,0.53,0.0
31.0,Israel,838850.0,22.0,6374.0,,831387.0,1089.0,85.0,91203.0,693.0,14346755.0,1559839.0,8655535.0,0.02,136158.0,400.0,21640.0,10000.0,3.00,30,0.93,0.0011
8.0,Italy,4092747.0,10554.0,122470.0,207.0,3572713.0,397564.0,2253.0,67776.0,2028.0,60532582.0,1002419.0,60461826.0,0.0,-88249.0,206.0,294140.0,148943.0,1.30,47,0.69,0.0078
108.0,Jamaica,46428.0,90.0,801.0,3.0,22018.0,23609.0,21.0,15621.0,270.0,340151.0,114448.0,2961167.0,0.0,12888.0,273.0,10830.0,-11332.0,2.00,31,0.55,0.0004
38.0,Japan,620994.0,4344.0,10589.0,72.0,546042.0,64363.0,1131.0,4923.0,84.0,12241999.0,97044.0,126476461.0,0.0,-383840.0,347.0,364555.0,71560.0,1.40,48,0.92,0.0162
34.0,Jordan,718632.0,702.0,9047.0,33.0,699460.0,10125.0,729.0,69847.0,879.0,6814404.0,662324.0,10203134.0,0.01,101440.0,115.0,88780.0,10220.0,2.80,24,0.91,0.0013
52.0,Kazakhstan,337652.0,2840.0,3858.0,25.0,291829.0,41965.0,221.0,17803.0,203.0,10455458.0,551269.0,18776707.0,0.01,225280.0,7.0,2699700.0,-18000.0,2.80,31,0.58,0.0024
80.0,Kenya,162098.0,,2850.0,,110480.0,48768.0,190.0,2960.0,52.0,1701385.0,31066.0,53771296.0,0.02,1197323.0,94.0,569140.0,-10000.0,3.50,20,0.28,0.0069
59.0,Kuwait,281772.0,,1621.0,,265530.0,14621.0,199.0,65168.0,375.0,2379181.0,550254.0,4270571.0,0.02,63488.0,240.0,17820.0,39520.0,2.10,37,N.A.,0.0005
92.0,Kyrgyzstan,97663.0,385.0,1643.0,3.0,90959.0,5061.0,70.0,14764.0,248.0,1017506.0,153822.0,6524195.0,0.02,108345.0,34.0,191800.0,-4000.0,3.00,26,0.36,0.0008
192.0,Laos,1205.0,28.0,,,122.0,1083.0,,164.0,,186954.0,25386.0,7275560.0,0.01,106105.0,32.0,230800.0,-14704.0,2.70,24,0.36,0.0009
87.0,Latvia,122545.0,1036.0,2197.0,19.0,111473.0,8875.0,81.0,65585.0,1176.0,2362996.0,1264657.0,1886198.0,-0.01,-20545.0,30.0,62200.0,-14837.0,1.70,44,0.69,0.0002
40.0,Lebanon,531234.0,,7415.0,,475383.0,48436.0,478.0,78128.0,1091.0,4069394.0,598482.0,6825445.0,0.0,-30268.0,667.0,10230.0,-30012.0,2.10,30,0.78,0.0009
153.0,Lesotho,10761.0,12.0,319.0,,6427.0,4015.0,,4990.0,148.0,83335.0,38642.0,2142249.0,0.01,16981.0,71.0,30360.0,-10047.0,3.20,24,0.31,0.0003
185.0,Liberia,2114.0,1.0,85.0,,1962.0,67.0,2.0,410.0,16.0,97875.0,18977.0,5057681.0,0.02,120307.0,53.0,96320.0,-5000.0,4.40,19,0.53,0.0006
78.0,Libya,179697.0,504.0,3063.0,4.0,165931.0,10703.0,,25855.0,441.0,972747.0,139962.0,6871292.0,0.01,93840.0,4.0,1759540.0,-1999.0,2.30,29,0.78,0.0009
178.0,Liechtenstein,2963.0,2.0,58.0,1.0,2858.0,47.0,5.0,77523.0,1517.0,39109.0,1023233.0,38128.0,0.0,109.0,238.0,160.0,,N.A.,N.A.,0.15,0.0
64.0,Lithuania,255384.0,1244.0,4019.0,15.0,229667.0,21698.0,186.0,94938.0,1494.0,2935816.0,1091380.0,2722289.0,-0.01,-37338.0,43.0,62674.0,-32780.0,1.70,45,0.71,0.0003
103.0,Luxembourg,68020.0,,801.0,,64727.0,2492.0,33.0,107193.0,1262.0,2702729.0,4259251.0,625978.0,0.02,10249.0,242.0,2590.0,9741.0,1.50,40,0.88,0.0001
209.0,Macao,49.0,,,,49.0,0.0,,75.0,,4483.0,6826.0,649335.0,0.01,8890.0,21645.0,30.0,5000.0,1.20,39,N.A.,0.0001
113.0,Madagascar,38641.0,304.0,701.0,6.0,35116.0,2824.0,351.0,1366.0,25.0,189996.0,6716.0,27691018.0,0.03,721711.0,48.0,581795.0,-1500.0,4.10,20,0.39,0.0036
115.0,Malawi,34151.0,,1152.0,,32135.0,864.0,11.0,1747.0,59.0,234732.0,12010.0,19129952.0,0.03,501205.0,203.0,94280.0,-16053.0,4.30,18,0.18,0.0025
42.0,Malaysia,432425.0,4498.0,1632.0,22.0,396004.0,34789.0,375.0,13218.0,50.0,9904314.0,302739.0,32365999.0,0.01,416222.0,99.0,328550.0,50000.0,2.00,30,0.78,0.0042
117.0,Maldives,33368.0,,77.0,,25675.0,7616.0,90.0,60829.0,140.0,749818.0,1366889.0,540544.0,0.02,9591.0,1802.0,300.0,11370.0,1.90,30,0.35,0.0001
136.0,Mali,14029.0,,493.0,,8878.0,4658.0,,676.0,24.0,259301.0,12503.0,20250833.0,0.03,592802.0,17.0,1220190.0,-40000.0,5.90,16,0.44,0.0026
118.0,Malta,30432.0,12.0,417.0,1.0,29763.0,252.0,,68767.0,942.0,879997.0,1988523.0,441543.0,0.0,1171.0,1380.0,320.0,900.0,1.50,43,0.93,0.0001
219.0,Marshall Islands,4.0,,,,4.0,0.0,,67.0,,,,59190.0,0.01,399.0,329.0,180.0,,N.A.,N.A.,0.70,0.0
131.0,Mauritania,18576.0,,456.0,,17817.0,303.0,14.0,3909.0,96.0,240124.0,50529.0,4649658.0,0.03,123962.0,5.0,1030700.0,5000.0,4.60,20,0.57,0.0006
191.0,Mauritius,1221.0,5.0,17.0,,1117.0,87.0,,959.0,13.0,358675.0,281633.0,1271768.0,0.0,2100.0,626.0,2030.0,0.0,1.40,37,0.41,0.0002
129.0,Mayotte,20134.0,,170.0,,2964.0,17000.0,4.0,72335.0,611.0,174251.0,626032.0,272815.0,0.03,6665.0,728.0,375.0,0.0,3.70,20,0.46,0.0
15.0,Mexico,2358831.0,2846.0,218173.0,166.0,1879713.0,260945.0,4798.0,18134.0,1677.0,6714852.0,51623.0,128932753.0,0.01,1357224.0,66.0,1943950.0,-60000.0,2.10,29,0.84,0.0165
222.0,Micronesia,1.0,,,,1.0,0.0,,9.0,,,,548914.0,0.01,5428.0,784.0,700.0,-2957.0,2.90,27,0.68,0.0001
65.0,Moldova,252153.0,,5912.0,,242363.0,3878.0,178.0,62631.0,1468.0,1007539.0,250257.0,4033963.0,0.0,-9300.0,123.0,32850.0,-1387.0,1.30,38,0.43,0.0005
180.0,Monaco,2475.0,,32.0,,2397.0,46.0,1.0,62695.0,811.0,51953.0,1316032.0,39242.0,0.01,278.0,26337.0,1.0,,N.A.,N.A.,N.A.,0.0
110.0,Mongolia,43201.0,737.0,153.0,11.0,28533.0,14515.0,123.0,13002.0,46.0,2762832.0,831489.0,3278290.0,0.02,53123.0,2.0,1553560.0,-852.0,2.90,28,0.67,0.0004
91.0,Montenegro,98042.0,,1526.0,,94495.0,2021.0,64.0,156085.0,2429.0,382259.0,608564.0,628066.0,0.0,79.0,47.0,13450.0,-480.0,1.80,39,0.68,0.0001
41.0,Morocco,513016.0,,9049.0,,499917.0,4050.0,150.0,13761.0,243.0,6311023.0,169289.0,36910560.0,0.01,438791.0,83.0,446300.0,-51419.0,2.40,30,0.64,0.0047
101.0,Mozambique,70138.0,30.0,820.0,1.0,67706.0,1612.0,38.0,2193.0,26.0,525385.0,16424.0,31255435.0,0.03,889399.0,40.0,786380.0,-5000.0,4.90,18,0.38,0.004
106.0,Namibia,49552.0,92.0,682.0,8.0,47146.0,1724.0,43.0,19209.0,264.0,397272.0,154003.0,2540905.0,0.02,46375.0,3.0,823290.0,-4806.0,3.40,22,0.55,0.0003
47.0,Nepal,377603.0,9023.0,3579.0,50.0,295395.0,78629.0,,12766.0,121.0,2598405.0,87850.0,29136808.0,0.02,528098.0,203.0,143350.0,41710.0,1.90,25,0.21,0.0037
21.0,Netherlands,1546070.0,7481.0,17290.0,22.0,1302085.0,226695.0,789.0,90061.0,1007.0,12762141.0,743413.0,17134872.0,0.0,37742.0,508.0,33720.0,16000.0,1.70,43,0.92,0.0022
179.0,New Zealand,2634.0,1.0,26.0,,2582.0,26.0,,527.0,5.0,2046919.0,409212.0,4822233.0,0.01,39170.0,18.0,263310.0,14881.0,1.90,38,0.87,0.0006
158.0,Nicaragua,6989.0,,183.0,,4225.0,2581.0,,1045.0,27.0,,,6624554.0,0.01,79052.0,55.0,120340.0,-21272.0,2.40,26,0.57,0.0008
164.0,Niger,5310.0,1.0,192.0,,4876.0,242.0,18.0,213.0,8.0,100105.0,4014.0,24206644.0,0.04,895929.0,19.0,1266700.0,4000.0,7.00,15,0.17,0.0031
79.0,Nigeria,165301.0,,2065.0,,155424.0,7812.0,11.0,786.0,10.0,1939165.0,9215.0,206139589.0,0.03,5175990.0,226.0,910770.0,-60000.0,5.40,18,0.52,0.0264
81.0,North Macedonia,153461.0,,5042.0,,136545.0,11874.0,124.0,73662.0,2420.0,731997.0,351364.0,2083374.0,0.0,-85.0,83.0,25220.0,-1000.0,1.50,39,0.59,0.0003
89.0,Norway,115629.0,218.0,767.0,,88952.0,25910.0,28.0,21189.0,141.0,5316358.0,974219.0,5421241.0,0.01,42384.0,15.0,365268.0,28000.0,1.70,40,0.83,0.0007
76.0,Oman,199344.0,,2083.0,,181696.0,15565.0,283.0,38221.0,399.0,1550000.0,297184.0,5106626.0,0.03,131640.0,16.0,309500.0,87400.0,2.90,31,0.87,0.0007
29.0,Pakistan,850131.0,4298.0,18677.0,140.0,747755.0,83699.0,5177.0,3787.0,83.0,12101832.0,53906.0,220892340.0,0.02,4327022.0,287.0,770880.0,-233379.0,3.60,23,0.35,0.0283
57.0,Palestine,300387.0,,3326.0,,281586.0,15475.0,133.0,57755.0,639.0,1763038.0,338979.0,5101414.0,0.02,119994.0,847.0,6020.0,-10563.0,3.70,21,0.80,0.0007
48.0,Panama,366364.0,,6255.0,,356144.0,3965.0,105.0,83798.0,1431.0,2439336.0,557947.0,4314767.0,0.02,68328.0,58.0,74340.0,11200.0,2.50,30,0.68,0.0006
147.0,Papua New Guinea,11630.0,,121.0,,10312.0,1197.0,,1279.0,13.0,95014.0,10453.0,8947024.0,0.02,170915.0,20.0,452860.0,-800.0,3.60,22,0.13,0.0011
58.0,Paraguay,291540.0,,6883.0,,241040.0,43617.0,545.0,40456.0,955.0,1133277.0,157259.0,7132538.0,0.01,87902.0,18.0,397300.0,-16556.0,2.40,26,0.62,0.0009
17.0,Peru,1832671.0,,63223.0,,1720665.0,48783.0,2658.0,54938.0,1895.0,11483598.0,344243.0,32971854.0,0.01,461401.0,26.0,1280000.0,99069.0,2.30,31,0.79,0.0042
25.0,Philippines,1087885.0,7733.0,18099.0,108.0,1003160.0,66626.0,750.0,9818.0,163.0,12173692.0,109860.0,109581078.0,0.01,1464463.0,368.0,298170.0,-67152.0,2.60,26,0.47,0.0141
13.0,Poland,2824425.0,6047.0,69445.0,453.0,2555059.0,199921.0,2296.0,74698.0,1837.0,14678781.0,388209.0,37846611.0,0.0,-41157.0,124.0,306230.0,-29395.0,1.40,42,0.60,0.0049
30.0,Portugal,838852.0,377.0,16989.0,1.0,799442.0,22421.0,75.0,82471.0,1670.0,10781631.0,1059983.0,10196709.0,0.0,-29478.0,111.0,91590.0,-6000.0,1.30,46,0.66,0.0013
73.0,Qatar,210070.0,600.0,496.0,3.0,199444.0,10130.0,274.0,74816.0,177.0,1937204.0,689935.0,2881053.0,0.02,48986.0,248.0,11610.0,40000.0,1.90,32,0.96,0.0004
150.0,Republic of the Congo,11016.0,,147.0,,8208.0,2661.0,,1956.0,26.0,92500.0,16424.0,5518087.0,0.03,137579.0,16.0,341500.0,-4000.0,4.50,19,0.70,0.0007
127.0,Réunion,21601.0,,150.0,,19848.0,1603.0,36.0,23982.0,167.0,102720.0,114043.0,895312.0,0.01,6385.0,358.0,2500.0,-1256.0,2.30,36,1.00,0.0001
26.0,Romania,1063949.0,1422.0,28799.0,89.0,1009237.0,25913.0,1041.0,55620.0,1506.0,8419526.0,440149.0,19237691.0,-0.01,-126866.0,84.0,230170.0,-73999.0,1.60,43,0.55,0.0025
6.0,Russia,4863514.0,8386.0,112622.0,376.0,4480360.0,270532.0,2300.0,33315.0,771.0,130600000.0,894598.0,145934462.0,0.0,62206.0,9.0,16376870.0,182456.0,1.80,40,0.74,0.0187
123.0,Rwanda,25486.0,,338.0,,23876.0,1272.0,1.0,1928.0,26.0,1333441.0,100852.0,12952218.0,0.03,325268.0,525.0,24670.0,-9000.0,4.10,20,0.18,0.0017
221.0,Saint Helena,2.0,,,,2.0,0.0,,328.0,,,,6077.0,0.0,18.0,16.0,390.0,,N.A.,N.A.,0.27,0.0
210.0,Saint Kitts and Nevis,45.0,,,,44.0,1.0,,841.0,,13691.0,255825.0,53199.0,0.01,376.0,205.0,260.0,,N.A.,N.A.,0.33,0.0
167.0,Saint Lucia,4607.0,5.0,75.0,,4427.0,105.0,1.0,24992.0,407.0,41126.0,223102.0,183627.0,0.0,837.0,301.0,610.0,0.0,1.40,34,0.19,0.0
220.0,Samoa,3.0,,,,2.0,1.0,,15.0,,,,198414.0,0.01,1317.0,70.0,2830.0,-2803.0,3.90,22,0.18,0.0
165.0,San Marino,5067.0,,90.0,,4935.0,42.0,4.0,149069.0,2648.0,61760.0,1816952.0,33931.0,0.0,71.0,566.0,60.0,,N.A.,N.A.,0.97,0.0
183.0,Sao Tome and Principe,2317.0,,35.0,,2258.0,24.0,,10410.0,157.0,12999.0,58400.0,219159.0,0.02,4103.0,228.0,960.0,-1680.0,4.40,19,0.74,0.0
43.0,Saudi Arabia,424445.0,1039.0,7045.0,13.0,407650.0,9750.0,1311.0,12034.0,200.0,17389803.0,493040.0,34813871.0,0.02,545343.0,16.0,2149690.0,134979.0,2.30,32,0.84,0.0045
112.0,Senegal,40621.0,43.0,1116.0,,39316.0,189.0,10.0,2374.0,65.0,488257.0,28529.0,16743927.0,0.03,447563.0,87.0,192530.0,-20000.0,4.70,19,0.49,0.0021
35.0,Serbia,698518.0,1277.0,6519.0,20.0,655869.0,36130.0,131.0,80220.0,749.0,3907936.0,448799.0,8737371.0,0.0,-34864.0,100.0,87460.0,4000.0,1.50,42,0.56,0.0011
162.0,Seychelles,6373.0,,28.0,,5277.0,1068.0,,64464.0,283.0,21504.0,217515.0,98347.0,0.01,608.0,214.0,460.0,-200.0,2.50,34,0.56,0.0
170.0,Sierra Leone,4068.0,,79.0,,3078.0,911.0,,501.0,10.0,153257.0,18889.0,7976983.0,0.02,163768.0,111.0,72180.0,-4200.0,4.30,19,0.43,0.001
105.0,Singapore,61311.0,25.0,31.0,,60906.0,374.0,2.0,10411.0,5.0,9906797.0,1682196.0,5850342.0,0.01,46005.0,8358.0,700.0,27028.0,1.20,42,N.A.,0.0008
184.0,Sint Maarten,2250.0,3.0,27.0,,2197.0,26.0,2.0,51979.0,624.0,26359.0,608936.0,42876.0,0.01,488.0,1261.0,34.0,,N.A.,N.A.,0.96,0.0
46.0,Slovakia,385022.0,362.0,11946.0,26.0,366715.0,6361.0,264.0,70493.0,2187.0,2704901.0,495233.0,5459642.0,0.0,2629.0,114.0,48088.0,1485.0,1.50,41,0.54,0.0007
67.0,Slovenia,245159.0,606.0,4285.0,3.0,231559.0,9315.0,142.0,117911.0,2061.0,1199033.0,576686.0,2078938.0,0.0,284.0,103.0,20140.0,2000.0,1.60,45,0.55,0.0003
215.0,Solomon Islands,20.0,,,,20.0,0.0,,29.0,,4500.0,6419.0,686884.0,0.03,17061.0,25.0,27990.0,-1600.0,4.40,20,0.23,0.0001
135.0,Somalia,14368.0,,745.0,,6152.0,7471.0,,883.0,46.0,117534.0,7226.0,15893222.0,0.03,450317.0,25.0,627340.0,-40000.0,6.10,17,0.47,0.002
20.0,South Africa,1590370.0,,54620.0,,1511905.0,23845.0,546.0,26533.0,911.0,10805804.0,180279.0,59308690.0,0.01,750420.0,49.0,1213090.0,145405.0,2.40,28,0.67,0.0076
84.0,South Korea,126044.0,525.0,1860.0,9.0,116022.0,8162.0,162.0,2457.0,36.0,9051354.0,176417.0,51269185.0,0.0,43877.0,527.0,97230.0,11731.0,1.10,44,0.82,0.0066
155.0,South Sudan,10637.0,17.0,115.0,,10312.0,210.0,,941.0,10.0,155471.0,13753.0,11193725.0,0.01,131612.0,18.0,610952.0,-174200.0,4.70,19,0.25,0.0014
9.0,Spain,3559222.0,,78726.0,,3239382.0,241114.0,2212.0,76100.0,1683.0,47213067.0,1009471.0,46754778.0,0.0,18002.0,94.0,498800.0,40000.0,1.30,45,0.80,0.006
88.0,Sri Lanka,121338.0,1914.0,745.0,,101763.0,18830.0,,5646.0,35.0,2849991.0,132624.0,21413249.0,0.0,89516.0,341.0,62710.0,-97986.0,2.20,34,0.18,0.0027
116.0,Sudan,33648.0,,2365.0,,27247.0,4036.0,,753.0,53.0,232965.0,5211.0,43849260.0,0.02,1036022.0,25.0,1765048.0,-50000.0,4.40,20,0.35,0.0056
151.0,Suriname,10816.0,,213.0,,9656.0,947.0,26.0,18299.0,360.0,52395.0,88644.0,586632.0,0.01,5260.0,4.0,156000.0,-1000.0,2.40,29,0.65,0.0001
27.0,Sweden,1007792.0,,14173.0,36.0,835458.0,158161.0,403.0,99266.0,1396.0,8798383.0,866624.0,10099265.0,0.01,62886.0,25.0,410340.0,40000.0,1.90,41,0.88,0.0013
36.0,Switzerland,670613.0,1546.0,10698.0,3.0,601958.0,57957.0,212.0,77010.0,1229.0,7088449.0,814007.0,8654622.0,0.01,63257.0,219.0,39516.0,52000.0,1.50,43,0.74,0.0011
125.0,Syria,23191.0,,1631.0,,17932.0,3628.0,,1299.0,91.0,103566.0,5800.0,17500658.0,0.03,430523.0,95.0,183630.0,-427391.0,2.80,26,0.60,0.0022
194.0,Taiwan,1178.0,5.0,12.0,,1077.0,89.0,,49.0,0.5,555429.0,23285.0,23816775.0,0.0,42899.0,673.0,35410.0,30001.0,1.20,42,0.79,0.0031
140.0,Tajikistan,13308.0,,90.0,,13218.0,0.0,,1369.0,9.0,,,9537645.0,0.02,216627.0,68.0,139960.0,-20000.0,3.60,22,0.27,0.0012
199.0,Tanzania,509.0,,21.0,,183.0,305.0,7.0,8.0,0.3,,,59734218.0,0.03,1728755.0,67.0,885800.0,-40076.0,4.90,18,0.37,0.0077
98.0,Thailand,78855.0,2044.0,363.0,27.0,49172.0,29320.0,1170.0,1127.0,5.0,8124896.0,116156.0,69799978.0,0.0,174396.0,137.0,510890.0,19444.0,1.50,40,0.51,0.009
177.0,Timor-Leste,2965.0,95.0,4.0,,1596.0,1365.0,,2213.0,3.0,69967.0,52231.0,1318445.0,0.02,25326.0,89.0,14870.0,-5385.0,4.10,21,0.33,0.0002
142.0,Togo,13090.0,22.0,124.0,1.0,11508.0,1458.0,,1551.0,15.0,315112.0,37328.0,8278724.0,0.02,196358.0,152.0,54390.0,-2000.0,4.40,19,0.43,0.0011
144.0,Trinidad and Tobago,12396.0,,191.0,,8969.0,3236.0,38.0,8833.0,136.0,138704.0,98840.0,1399488.0,0.0,4515.0,273.0,5130.0,-800.0,1.70,36,0.52,0.0002
55.0,Tunisia,317010.0,,11208.0,,272505.0,33297.0,529.0,26588.0,940.0,1344853.0,112795.0,11818619.0,0.01,123900.0,76.0,155360.0,-4000.0,2.20,33,0.70,0.0015
5.0,Turkey,4977982.0,,42187.0,,4626799.0,308996.0,3378.0,58492.0,496.0,48712606.0,572383.0,84339067.0,0.01,909452.0,110.0,769630.0,283922.0,2.10,32,0.76,0.0108
111.0,Uganda,42152.0,,345.0,,41652.0,155.0,24.0,898.0,7.0,1029255.0,21922.0,45741007.0,0.03,1471413.0,229.0,199810.0,168694.0,5.00,17,0.26,0.0059
16.0,Ukraine,2105428.0,8404.0,45830.0,379.0,1731162.0,328436.0,177.0,48389.0,1053.0,9555109.0,219603.0,43733762.0,-0.01,-259876.0,75.0,579320.0,10000.0,1.40,41,0.69,0.0056
39.0,United Arab Emirates,532710.0,1766.0,1607.0,3.0,513068.0,18035.0,,53318.0,161.0,45466777.0,4550685.0,9890402.0,0.01,119873.0,118.0,83600.0,40000.0,1.40,33,0.86,0.0013
7.0,United Kingdom,4431043.0,2490.0,127598.0,15.0,4242192.0,61253.0,163.0,64983.0,1871.0,163171777.0,2392987.0,67886011.0,0.01,355839.0,281.0,241930.0,260650.0,1.80,40,0.83,0.0087
1.0,United States of America,33374726.0,5534.0,594103.0,97.0,26105941.0,6674682.0,9261.0,100332.0,1786.0,454546735.0,1366469.0,331002651.0,0.01,1937734.0,36.0,9147420.0,954806.0,1.80,38,0.83,0.0425
72.0,Uruguay,213449.0,,2972.0,,184506.0,25971.0,539.0,61267.0,853.0,1873060.0,537631.0,3473730.0,0.0,11996.0,20.0,175020.0,-3000.0,2.00,36,0.96,0.0004
93.0,Uzbekistan,93597.0,421.0,660.0,3.0,89338.0,3599.0,23.0,2763.0,19.0,1377915.0,40673.0,33469203.0,0.01,487487.0,79.0,425400.0,-8863.0,2.40,28,0.50,0.0043
218.0,Vanuatu,4.0,,1.0,,3.0,0.0,,13.0,3.0,23000.0,73442.0,307145.0,0.02,7263.0,25.0,12190.0,120.0,3.80,21,0.24,0.0
74.0,Venezuela,204057.0,,2244.0,,186388.0,15425.0,317.0,7193.0,79.0,3359014.0,118410.0,28435940.0,0.0,-79889.0,32.0,882050.0,-653249.0,2.30,30,N.A.,0.0036
176.0,Vietnam,3137.0,47.0,35.0,,2560.0,542.0,,32.0,0.4,2958119.0,30161.0,97338579.0,0.01,876473.0,314.0,310070.0,-80000.0,2.10,32,0.38,0.0125
216.0,Western Sahara,10.0,,1.0,,8.0,1.0,,16.0,2.0,,,597339.0,0.03,14876.0,2.0,266000.0,5582.0,2.40,28,0.87,0.0001
161.0,Yemen,6426.0,,1265.0,,2971.0,2190.0,23.0,212.0,42.0,30269.0,996.0,29825964.0,0.02,664042.0,56.0,527970.0,-30000.0,3.80,20,0.38,0.0038
95.0,Zambia,91946.0,,1256.0,,90264.0,426.0,37.0,4887.0,67.0,1426687.0,75824.0,18383955.0,0.03,522925.0,25.0,743390.0,-8000.0,4.70,18,0.45,0.0024
114.0,Zimbabwe,38398.0,,1575.0,,36027.0,796.0,12.0,2552.0,105.0,428309.0,28468.0,14862924.0,0.01,217456.0,38.0,386850.0,-116858.0,3.60,19,0.38,0.0019
